
<data>
    <phrase name="subject1">
		<sub>feeling</sub>
		<sub>sense of touch</sub>
		<sub>tactile sense</sub>
		<sub>tactility</sub>
		<sub>using ones hands</sub>
		<sub>sense</sub>
		<sub>consciousness</sub>
		<sub>perception</sub>
		<sub>impression</sub>
		<sub>impression</sub>
		<sub>vague idea</sub>
		
    </phrase>
    
	
	<phrase name="subject2">
		<sub> the Lord </sub>
		<sub> the Almighty </sub>
		<sub> the Master of the Universe </sub>
		<sub> author</sub>
		<sub> composer</sub>
		<sub> designer</sub>
		<sub> deviser</sub>
		<sub> maker</sub>
		<sub> inventor</sub>
		<sub> producer</sub>
		<sub> developer</sub>
		<sub> initiator</sub>
		<sub> instigator</sub>
		<sub> generator</sub>
		<sub> engineer</sub>
		<sub> architect</sub>
		<sub> mastermind</sub>
		<sub> prime mover</sub>
		<sub> father</sub>
		<sub> mother</sub>
		<sub>creator</sub>
	</phrase>

	<phrase name="subject3">
	<sub> strain</sub>
	<sub> ditty</sub>
	<sub> melody</sub>
	<sub> tune</sub>
	<sub> popular song</sub>
	<sub> pop song</sub>
	<sub> number</sub>
	<sub> track</sub>
	<sub> calls</sub>
	<sub> calling</sub>
	<sub> chirp</sub>
	<sub> chirps</sub>
	<sub> chirping</sub>
	<sub> cheep</sub>
	<sub> cheeps</sub>
	<sub> cheeping</sub>
	<sub> peep</sub>
	<sub> peeps</sub>
	<sub> peeping</sub>
	<sub> chirrup</sub>
	<sub> chirrups</sub>
	<sub> chirruping</sub>
	<sub> warble</sub>
	<sub> warbles</sub>
	<sub> warbling</sub>
	<sub> trill</sub>
	<sub> trills</sub>
	<sub> trilling</sub>
	<sub> twitter</sub>
	<sub> twittering</sub>
	<sub> whistling</sub>
	<sub> piping</sub>
	<sub> birdsong</sub>
	<sub> fuss and bother</sub>
	<sub> bother</sub>
	<sub> commotion</sub>
	<sub> trouble</sub>
	<sub> rigmarole</sub>
	<sub> folderol</sub>
	<sub> ado</sub>
	<sub> pother</sub>
	<sub> performance</sub>
	<sub> to-do</sub>
	<sub> carry-on</sub>
	<sub> carrying-on</sub>
	<sub> kerfuffle</sub>
	<sub> hoo-ha</sub>
	<sub> hullabaloo</sub>
	<sub> ballyhoo</sub>
	<sub> business</sub>
	<sub> pantomime</sub>
	<sub> hoopla</sub>
	<sub>song</sub>
	</phrase>
	
	
	
	<phrase name="subject4">
	<sub>hello there</sub>
	</phrase>
	</data>
