<data>


	<phrase name="Word1">
	<sub> how</sub>
	<type> ci</type>
	</phrase>
	
	<phrase name="Word2">
	<sub> are</sub>
	<type> ts</type>
	</phrase>
	
	<phrase name="Word3">
	<sub> you</sub>
	<type> ts</type>
	</phrase>
	
	<phrase name="Word4">
	<sub> what</sub>
	<type> ts</type>
	</phrase>
	
	<phrase name="Word5">
	<sub> is</sub>
	<type> ci</type>
	</phrase>
	
	<phrase name="Word6">
	<sub> your</sub>
	<type> ci</type>
	</phrase>
	
	<phrase name="Word7">
	<sub> name</sub>
	<type> ts</type>
	</phrase>
	
	
	
	<phrase name="Word8">
	<sub> what</sub>
	<type> ts</type>
	</phrase>
	
	<phrase name="Word9">
	<sub> is</sub>
	<type> ci</type>
	</phrase>
	
	<phrase name="Word10">
	<sub> your</sub>
	<type> ci</type>
	</phrase>
	
	<phrase name="Word11">
	<sub> name</sub>
	<type> ts</type>
	</phrase>
	
	<phrase name="Word12">
	<sub> what</sub>
	<type> ts</type>
	</phrase>
	
	<phrase name="Word13">
	<sub> is</sub>
	<type> ci</type>
	</phrase>
	
	<phrase name="Word14">
	<sub> your</sub>
	<type> ci</type>
	</phrase>
	
	<phrase name="Word15">
	<sub> who</sub>
	<type> ts</type>
	</phrase>
	
	<phrase name="Word16">
	<sub> creator</sub>
	<type> ts</type>
	</phrase>
	
	<phrase name="Word17">
	<sub> hello</sub>
	<type> ts</type>
	</phrase>
	
	<phrase name="Word18">
	<sub> there</sub>
	<type> ci</type>
	</phrase>
	
	<phrase name="Word19">
	<sub> feeling</sub>
	<type> ts</type>
	</phrase>
	
	<phrase name="Word20">
	<sub> ou</sub>
	<type> ts</type>
	</phrase>
	
	<phrase name="Word21">
	<sub> my</sub>
	<type> ci</type>
	</phrase>
	
	<phrase name="Word22">
	<sub> best</sub>
	<type> ts</type>
	</phrase>
	
	<phrase name="Word23">
	<sub> friend</sub>
	<type> ts</type>
	</phrase>
	
	<phrase name="Word24">
	<sub> I</sub>
	<type> ts</type>
	</phrase>
	
	<phrase name="Word25">
	<sub> like</sub>
	<type> ts</type>
	</phrase>
	
	<phrase name="Word26">
	<sub> cheese</sub>
	<type> ts</type>
	</phrase>
	
	<phrase name="Word27">
	<sub> i</sub>
	<type> ts</type>
	</phrase>
	
	<phrase name="Word28">
	<sub> beans</sub>
	<type> ss</type>
	</phrase>
	
	<phrase name="Word29">
	<sub> do</sub>
	<type> ts</type>
	</phrase>
	
	<phrase name="Word30">
	<sub> to</sub>
	<type> ci</type>
	</phrase>
	
	<phrase name="Word31">
	<sub> dacne</sub>
	<type> ss</type>
	</phrase>
	
	<phrase name="Word32">
	<sub> dance</sub>
	<type> ts</type>
	</phrase>
	
	<phrase name="Word33">
	<sub> hi</sub>
	<type> ci</type>
	</phrase>
	
	<phrase name="Word34">
	<sub> the</sub>
	<type> ss</type>
	</phrase>
	
	<phrase name="Word35">
	<sub> queen</sub>
	<type> ss</type>
	</phrase>
	
	<phrase name="Word36">
	<sub> of</sub>
	<type> ss</type>
	</phrase>
	
	<phrase name="Word37">
	<sub> england</sub>
	<type> ss</type>
	</phrase>
	
	<phrase name="Word38">
	<sub> time</sub>
	<type> ts</type>
	</phrase>
	
	<phrase name="Word39">
	<sub> day</sub>
	<type> ts</type>
	</phrase>
	
	<phrase name="Word40">
	<sub> it</sub>
	<type> ts</type>
	</phrase>
	
	<phrase name="Word41">
	<sub> date</sub>
	<type> ts</type>
	</phrase>
	
	<phrase name="Word42">
	<sub> today</sub>
	<type> ts</type>
	</phrase>
	
	<phrase name="Word43">
	<sub> barack</sub>
	<type> ss</type>
	</phrase>
	
	<phrase name="Word44">
	<sub> obama</sub>
	<type> ss</type>
	</phrase>
	
	<phrase name="Word45">
	<sub> theresa</sub>
	<type> ss</type>
	</phrase>
	
	<phrase name="Word46">
	<sub> may</sub>
	<type> ts</type>
	</phrase>
	
	<phrase name="Word47">
	<sub> weather</sub>
	<type> ts</type>
	</phrase>
	
	<phrase name="Word48">
	<sub> was</sub>
	<type> ss</type>
	</phrase>
	
	<phrase name="Word49">
	<sub> why</sub>
	<type> ts</type>
	</phrase>
	
	<phrase name="Word50">
	<sub> earth</sub>
	<type> ts</type>
	</phrase>
	
	<phrase name="Word51">
	<sub> john</sub>
	<type> ts</type>
	</phrase>
	
	<phrase name="Word52">
	<sub> shepherd</sub>
	<type> ts</type>
	</phrase>
	
	<phrase name="Word53">
	<sub> brighton</sub>
	<type> ts</type>
	</phrase>
	
	<phrase name="Word54">
	<sub> does</sub>
	<type> ss</type>
	</phrase>
	
	<phrase name="Word55">
	<sub> an</sub>
	<type> ci</type>
	</phrase>
	
	<phrase name="Word56">
	<sub> adjective</sub>
	<type> ts</type>
	</phrase>
	
	<phrase name="Word57">
	<sub> chiral</sub>
	<type> ci</type>
	</phrase>
	
	<phrase name="Word58">
	<sub> capital</sub>
	<type> ci</type>
	</phrase>
	
	<phrase name="Word59">
	<sub> when</sub>
	<type> ci</type>
	</phrase>
	
	<phrase name="Word60">
	<sub> prince</sub>
	<type> ts</type>
	</phrase>
	
	<phrase name="Word61">
	<sub> philip</sub>
	<type> ts</type>
	</phrase>
	
	<phrase name="Word62">
	<sub> born</sub>
	<type> ci</type>
	</phrase>
	
	<phrase name="Word63">
	<sub> david</sub>
	<type> ts</type>
	</phrase>
	
	<phrase name="Word64">
	<sub> cameron</sub>
	<type> ss</type>
	</phrase>
	
	<phrase name="Word65">
	<sub> william</sub>
	<type> ts</type>
	</phrase>
	
	<phrase name="Word66">
	<sub> adolf</sub>
	<type> ss</type>
	</phrase>
	
	<phrase name="Word67">
	<sub> hitler</sub>
	<type> ss</type>
	</phrase>
	
	<phrase name="Word68">
	<sub> nazi</sub>
	<type> ci</type>
	</phrase>
	
	<phrase name="Word69">
	<sub> did</sub>
	<type> ss</type>
	</phrase>
	
	<phrase name="Word70">
	<sub> france</sub>
	<type> ts</type>
	</phrase>
	
	<phrase name="Word71">
	<sub> ruhr</sub>
	<type> ts</type>
	</phrase>
	
	<phrase name="Word72">
	<sub> god</sub>
	<type> ts</type>
	</phrase>
	
	<phrase name="Word73">
	<sub> save</sub>
	<type> ts</type>
	</phrase>
	
	<phrase name="Word74">
	<sub> ymca</sub>
	<type> ts</type>
	</phrase>
	
	<phrase name="Word75">
	<sub> computational</sub>
	<type> ci</type>
	</phrase>
	
	<phrase name="Word76">
	<sub> thinking</sub>
	<type> ci</type>
	</phrase>
	
	<phrase name="Word77">
	<sub> maria</sub>
	<type> ss</type>
	</phrase>
	
	<phrase name="Word78">
	<sub> caulfield</sub>
	<type> ss</type>
	</phrase>
	
	<phrase name="Word79">
	<sub> jacob</sub>
	<type> ts</type>
	</phrase>
	
	<phrase name="Word80">
	<sub> rees</sub>
	<type> ss</type>
	</phrase>
	
	<phrase name="Word81">
	<sub> mogg</sub>
	<type> ss</type>
	</phrase>
	
	<phrase name="Word82">
	<sub> colour</sub>
	<type> ts</type>
	</phrase>
	
	<phrase name="Word83">
	<sub> How</sub>
	<type> ci</type>
	</phrase>
	
	<phrase name="Word84">
	<sub> many</sub>
	<type> ci</type>
	</phrase>
	
	<phrase name="Word85">
	<sub> roads</sub>
	<type> ss</type>
	</phrase>
	
	<phrase name="Word86">
	<sub> a</sub>
	<type> ts</type>
	</phrase>
	
	<phrase name="Word87">
	<sub> man</sub>
	<type> ts</type>
	</phrase>
	
	<phrase name="Word88">
	<sub> walk</sub>
	<type> ts</type>
	</phrase>
	
	<phrase name="Word89">
	<sub> down</sub>
	<type> ci</type>
	</phrase>
	
	<phrase name="Word90">
	<sub> last</sub>
	<type> ci</type>
	</phrase>
	
	<phrase name="Word91">
	<sub> viceroy</sub>
	<type> ts</type>
	</phrase>
	
	<phrase name="Word92">
	<sub> india</sub>
	<type> ts</type>
	</phrase>
	
	<phrase name="Word93">
	<sub> independent</sub>
	<type> ci</type>
	</phrase>
	
	<phrase name="Word94">
	<sub> uk</sub>
	<type> ci</type>
	</phrase>
	
	<phrase name="Word95">
	<sub> independant</sub>
	<type> ss</type>
	</phrase>
	
	<phrase name="Word96">
	<sub> louis</sub>
	<type> ts</type>
	</phrase>
	
	<phrase name="Word97">
	<sub> mountbatten</sub>
	<type> ss</type>
	</phrase>
	
	<phrase name="Word98">
	<sub> old</sub>
	<type> ci</type>
	</phrase>
	
	<phrase name="Word99">
	<sub> dog</sub>
	<type> ts</type>
	</phrase>
	
	<phrase name="Word100">
	<sub> emperor</sub>
	<type> ts</type>
	</phrase>
	
	<phrase name="Word101">
	<sub> china</sub>
	<type> ts</type>
	</phrase>
	
	<phrase name="Word102">
	<sub> ego</sub>
	<type> ts</type>
	</phrase>
	
	<phrase name="Word103">
	<sub> here</sub>
	<type> ci</type>
	</phrase>
	
	<phrase name="Word104">
	<sub> we</sub>
	<type> ts</type>
	</phrase>
	
	<phrase name="Word105">
	<sub> again</sub>
	<type> ci</type>
	</phrase>
	
	<phrase name="Word106">
	<sub> king</sub>
	<type> ts</type>
	</phrase>
	
	<phrase name="Word107">
	<sub> george</sub>
	<type> ts</type>
	</phrase>
	
	<phrase name="Word108">
	<sub> iv</sub>
	<type> ts</type>
	</phrase>
	
	<phrase name="Word109">
	<sub> vi</sub>
	<type> ci</type>
	</phrase>
	
	<phrase name="Word110">
	<sub> night</sub>
	<type> ts</type>
	</phrase>
	
	<phrase name="Word111">
	<sub> glass</sub>
	<type> ts</type>
	</phrase>
	
	<phrase name="Word112">
	<sub> howard</sub>
	<type> ss</type>
	</phrase>
	
	<phrase name="Word113">
	<sub> carter</sub>
	<type> ts</type>
	</phrase>
	
	<phrase name="Word114">
	<sub> dexter</sub>
	<type> ci</type>
	</phrase>
	
	<phrase name="Word115">
	<sub> uncle</sub>
	<type> ts</type>
	</phrase>
	
	<phrase name="Word116">
	<sub> ben</sub>
	<type> ts</type>
	</phrase>
	
	<phrase name="Word117">
	<sub> film</sub>
	<type> ts</type>
	</phrase>
	
	<phrase name="Word118">
	<sub> mummy</sub>
	<type> ts</type>
	</phrase>
	
	<phrase name="Word119">
	<sub> star</sub>
	<type> ts</type>
	</phrase>
	
	<phrase name="Word120">
	<sub> wars</sub>
	<type> ss</type>
	</phrase>
	
	<phrase name="Word121">
	<sub> british</sub>
	<type> ci</type>
	</phrase>
	
	<phrase name="Word122">
	<sub> empire</sub>
	<type> ci</type>
	</phrase>
	
	<phrase name="Word123">
	<sub> installrpm</sub>
	<type> ss</type>
	</phrase>
	
	<phrase name="Word124">
	<sub> on</sub>
	<type> ts</type>
	</phrase>
	
	<phrase name="Word125">
	<sub> ubuntu</sub>
	<type> ts</type>
	</phrase>
	
	<phrase name="Word126">
	<sub> rpm</sub>
	<type> ci</type>
	</phrase>
	
	<phrase name="Word127">
	<sub> tie</sub>
	<type> ts</type>
	</phrase>
	
	<phrase name="Word128">
	<sub> tie</sub>
	<type> ts</type>
	</phrase>
	
	<phrase name="Word129">
	<sub> trinity</sub>
	<type> ts</type>
	</phrase>
	
	<phrase name="Word130">
	<sub> knot</sub>
	<type> ts</type>
	</phrase>
	
	<phrase name="Word131">
	<sub> pith</sub>
	<type> ts</type>
	</phrase>
	
	<phrase name="Word132">
	<sub> helmet</sub>
	<type> ts</type>
	</phrase>
	
	<phrase name="Word133">
	<sub> aqueous</sub>
	<type> ci</type>
	</phrase>
	
	<phrase name="Word134">
	<sub> where</sub>
	<type> ci</type>
	</phrase>
	
	<phrase name="Word135">
	<sub> germany</sub>
	<type> ts</type>
	</phrase>
	
	<phrase name="Word136">
	<sub> paris</sub>
	<type> ts</type>
	</phrase>
	
	<phrase name="Word137">
	<sub> supreme</sub>
	<type> ci</type>
	</phrase>
	
	<phrase name="Word138">
	<sub> commander</sub>
	<type> ts</type>
	</phrase>
	
	<phrase name="Word139">
	<sub> allied</sub>
	<type> ci</type>
	</phrase>
	
	<phrase name="Word140">
	<sub> forces</sub>
	<type> ss</type>
	</phrase>
	
	<phrase name="Word141">
	<sub> chicken</sub>
	<type> ss</type>
	</phrase>
	
	<phrase name="Word142">
	<sub> linked</sub>
	<type> ss</type>
	</phrase>
	
	<phrase name="Word143">
	<sub> list</sub>
	<type> ss</type>
	</phrase>
	
	<phrase name="Word144">
	<sub> better</sub>
	<type> ss</type>
	</phrase>
	
	<phrase name="Word145">
	<sub> for</sub>
	<type> ss</type>
	</phrase>
	
	<phrase name="Word146">
	<sub> ordering</sub>
	<type> ss</type>
	</phrase>
	
	<phrase name="Word147">
	<sub> system</sub>
	<type> ss</type>
	</phrase>
	
	<phrase name="Word148">
	<sub> features</sub>
	<type> ss</type>
	</phrase>
	
	<phrase name="Word149">
	<sub> dear</sub>
	<type> ss</type>
	</phrase>
	
	<phrase name="Word150">
	<sub> margaret</sub>
	<type> ss</type>
	</phrase>
	
	<phrase name="Word151">
	<sub> thatcher</sub>
	<type> ss</type>
	</phrase>
	
	<phrase name="Word152">
	<sub> wants</sub>
	<type> ss</type>
	</phrase>
	
	<phrase name="Word153">
	<sub> winston</sub>
	<type> ss</type>
	</phrase>
	
	<phrase name="Word154">
	<sub> churchill</sub>
	<type> ss</type>
	</phrase>
	
	<phrase name="Word155">
	<sub> sir</sub>
	<type> ss</type>
	</phrase>
	</data>
