<data>
	<phrase>
	<words>name</words>
	<output>my name is shep</output>
	</phrase>
	
	<phrase>
	<words>favourite food</words>
	<output>i do not have a favourite food</output>
	</phrase>
	
	<phrase>
	<words>favourite film</words>
	<output>I do not have a favourite film</output>
	</phrase>
	
	<phrase>
	<words>favourite tv series</words>
	<output>i do not have a favourite film or tv series</output>
	</phrase>
	
	<phrase>
	<words>a tree is</words>
	<output>in botany, a tree is a perennial plant with an elongated stem, or trunk, supporting branches and leaves in most species</output>
	</phrase>
	
	<phrase>
	<words>a tree is</words>
	<output>in botany, a tree is a perennial plant with an elongated stem, or trunk, supporting branches and leaves in most species</output>
	</phrase>
	
	<phrase>
	<words>latex</words>
	<output> in some trees such as the pine  the bark exudes sticky resin which deters attackers whereas in rubber trees  it is a milky latex that oozes out</output>
	</phrase>
	</data>
