<data>
	<phrase>
	<words>winston churchill</words>
	<output>a former prime minister of the Uk, who was leader throughout the second world war</output>
	</phrase>
	
	<phrase>
	<words>joseph stalin</words>
	<output>joseph vissarionovich stalin  18 december  1878 – 5 march 1953 was a georgian revolutionary and soviet politician who led the soviet union from the mid–1920s until 1953 as general secretary of the communist party of the soviet union  and premier </output>
	</phrase>
	
	<phrase>
	<words>when he born</words>
	<output> he was born with a webbed left foot, and his left arm had been permanently injured in childhood which left it shorter than his right and lacking in flexibility, which was probably the result of being hit, at the age of 12, by a horse-drawn carriage</output>
	</phrase>
	</data>
