{"hi": [["", ["hi", "C0"], 2, 0]], "C0": [["", ["C0", "hi"], 2, 0]], "you": [["", ["you", "C2"], 2, 0], ["", ["you", "C11"], 2, 0], ["", ["you", "C25"], 2, 0], ["", ["you", "C66"], 5, 0], ["", ["you", "C76"], 2, 0], ["", ["you", "C104"], 2, 0], ["", ["you", "C110"], 2, 0], ["", ["you", "C117"], 2, 0], ["", ["you", "C132"], 2, 0], ["", ["you", "C137"], 2, 0], ["", ["you", "C148"], 2, 0], ["", ["you", "C163"], 2, 0], ["", ["you", "C177"], 2, 0]], "C2": [["", ["C2", "are"], 2, 0], ["", ["C2", "you"], 1, 0], ["", ["C2", "how"], 1, 0]], "how": [["", ["how", "C2"], 2, 0], ["", ["how", "C163"], 2, 0]], "are": [["", ["are", "C2"], 2, 0], ["", ["are", "C11"], 2, 0], ["", ["are", "C83"], 2, 0], ["", ["are", "C121"], 2, 0], ["", ["are", "C136"], 2, 0], ["", ["are", "C148"], 2, 0], ["", ["are", "C177"], 2, 0]], "perfect": [["", ["perfect", "C6"], 2, 0]], "C6": [["", ["C6", "perfect"], 2, 0]], "it": [["", ["it", "C8"], 5, 0], ["", ["it", "C14"], 2, 0], ["", ["it", "C59"], 2, 0], ["", ["it", "C66"], 2, 0]], "C8": [["", ["C8", "is"], 2, 0], ["", ["C8", "it"], 3, 0]], "is": [["", ["is", "C8"], 2, 0], ["", ["is", "C39"], 2, 0]], "C11": [["", ["C11", "where"], 2, 0], ["", ["C11", "are"], 2, 0], ["", ["C11", "you"], 1, 0], ["", ["C11", "from"], 1, 0]], "from": [["", ["from", "C11"], 2, 0], ["", ["from", "C27"], 2, 0], ["", ["from", "C163"], 2, 0], ["", ["from", "C185"], 2, 0]], "where": [["", ["where", "C11"], 2, 0], ["", ["where", "C78"], 2, 0], ["", ["where", "C95"], 2, 0], ["", ["where", "C104"], 2, 0]], "C14": [["", ["C14", "what"], 2, 0], ["", ["C14", "it"], 1, 0], ["", ["C14", "like"], 1, 0]], "like": [["", ["like", "C14"], 2, 0], ["", ["like", "C37"], 2, 0], ["", ["like", "C76"], 2, 0]], "what": [["", ["what", "C14"], 2, 0], ["", ["what", "C17"], 2, 0], ["", ["what", "C66"], 5, 0], ["", ["what", "C125"], 2, 0], ["", ["what", "C136"], 2, 0], ["", ["what", "C137"], 2, 0]], "your": [["", ["your", "C17"], 2, 0], ["", ["your", "C66"], 5, 0]], "C17": [["", ["C17", "name"], 2, 0], ["", ["C17", "what"], 2, 0], ["", ["C17", "your"], 1, 0]], "name": [["", ["name", "C17"], 2, 0], ["", ["name", "C20"], 2, 0], ["", ["name", "C23"], 2, 0]], "my": [["", ["my", "C20"], 2, 0]], "C20": [["", ["C20", "SHEP"], 2, 0], ["", ["C20", "my"], 1, 0], ["", ["C20", "name"], 1, 0]], "SHEP": [["", ["SHEP", "C20"], 2, 0]], "nice": [["", ["nice", "C23"], 2, 0], ["", ["nice", "C39"], 2, 0], ["", ["nice", "C83"], 2, 0]], "C23": [["", ["C23", "nice"], 2, 0], ["", ["C23", "name"], 2, 0]], "C25": [["", ["C25", "thank"], 2, 0], ["", ["C25", "you"], 1, 0]], "thank": [["", ["thank", "C25"], 2, 0]], "i": [["", ["i", "C27"], 2, 0], ["", ["i", "C31"], 2, 0], ["", ["i", "C37"], 2, 0], ["", ["i", "C74"], 2, 0], ["", ["i", "C78"], 2, 0], ["", ["i", "C95"], 2, 0], ["", ["i", "C99"], 2, 0], ["", ["i", "C130"], 2, 0], ["", ["i", "C132"], 2, 0], ["", ["i", "C148"], 2, 0], ["", ["i", "C163"], 2, 0], ["", ["i", "C175"], 2, 0], ["", ["i", "C188"], 2, 0], ["", ["i", "C197"], 2, 0]], "C27": [["", ["C27", "am"], 2, 0], ["", ["C27", "i"], 1, 0], ["", ["C27", "from"], 1, 0], ["", ["C27", "UK"], 1, 0]], "UK": [["", ["UK", "C27"], 2, 0]], "am": [["", ["am", "C27"], 2, 0], ["", ["am", "C74"], 2, 0], ["", ["am", "C95"], 2, 0], ["", ["am", "C148"], 2, 0], ["", ["am", "C163"], 2, 0]], "C31": [["", ["C31", "enjoy"], 2, 0], ["", ["C31", "i"], 1, 0], ["", ["C31", "programming"], 1, 0]], "programming": [["", ["programming", "C31"], 2, 0]], "enjoy": [["", ["enjoy", "C31"], 2, 0]], "cool": [["", ["cool", "C34"], 2, 0]], "C34": [["", ["C34", "hobby"], 2, 0], ["", ["C34", "cool"], 1, 0]], "hobby": [["", ["hobby", "C34"], 2, 0]], "C37": [["", ["C37", "apples"], 2, 0], ["", ["C37", "like"], 2, 0], ["", ["C37", "i"], 1, 0]], "apples": [["", ["apples", "C37"], 2, 0]], "that": [["", ["that", "C39"], 2, 0]], "C39": [["", ["C39", "that"], 2, 0], ["", ["C39", "is"], 2, 0], ["", ["C39", "nice"], 2, 0]], "hello": [["", ["hello", "C41"], 2, 0]], "C41": [["", ["C41", "hello"], 2, 0]], "wassup": [["", ["wassup", "C43"], 2, 0]], "C43": [["", ["C43", "man"], 2, 0], ["", ["C43", "wassup"], 1, 0]], "man": [["", ["man", "C43"], 2, 0]], "nothing": [["", ["nothing", "C46"], 2, 0]], "C46": [["", ["C46", "much"], 2, 0], ["", ["C46", "nothing"], 1, 0]], "much": [["", ["much", "C46"], 2, 0]], "no": [["", ["no", "C49"], 2, 0]], "C49": [["", ["C49", "problemo"], 2, 0], ["", ["C49", "no"], 1, 0]], "problemo": [["", ["problemo", "C49"], 2, 0]], "yep": [["", ["yep", "C52"], 2, 0]], "C52": [["", ["C52", "yep"], 2, 0]], "thanks": [["", ["thanks", "C54"], 2, 0], ["", ["thanks", "C74"], 2, 0]], "C54": [["", ["C54", "thanks"], 2, 0]], "cheers": [["", ["cheers", "C56"], 2, 0]], "C56": [["", ["C56", "bro"], 2, 0], ["", ["C56", "cheers"], 1, 0]], "bro": [["", ["bro", "C56"], 2, 0]], "C59": [["", ["C59", "mention"], 2, 0], ["", ["C59", "it"], 1, 0], ["", ["C59", "dont"], 1, 0]], "dont": [["", ["dont", "C59"], 2, 0], ["", ["dont", "C197"], 2, 0]], "mention": [["", ["mention", "C59"], 2, 0]], "tthanks": [["", ["tthanks", "C62"], 2, 0]], "C62": [["", ["C62", "tthanks"], 2, 0]], "okay": [["", ["okay", "C64"], 2, 0], ["", ["okay", "C74"], 2, 0]], "C64": [["", ["C64", "okay"], 2, 0]], "C66": [["", ["C66", "fro"], 2, 0], ["", ["C66", "country"], 4, 0], ["", ["C66", "what"], 5, 0], ["", ["C66", "it"], 1, 0], ["", ["C66", "your"], 3, 0], ["", ["C66", "you"], 3, 0], ["", ["C66", "do"], 3, 0], ["", ["C66", "for"], 1, 0]], "country": [["", ["country", "C66"], 5, 0]], "do": [["", ["do", "C66"], 5, 0], ["", ["do", "C76"], 2, 0], ["", ["do", "C99"], 2, 0], ["", ["do", "C104"], 2, 0], ["", ["do", "C117"], 2, 0]], "for": [["", ["for", "C66"], 2, 0], ["", ["for", "C74"], 2, 0], ["", ["for", "C137"], 2, 0]], "fro": [["", ["fro", "C66"], 2, 0]], "JFK": [["", ["JFK", "C71"], 2, 0]], "C71": [["", ["C71", "quote"], 2, 0], ["", ["C71", "JFK"], 1, 0]], "quote": [["", ["quote", "C71"], 2, 0]], "C74": [["", ["C74", "asking"], 2, 0], ["", ["C74", "am"], 2, 0], ["", ["C74", "i"], 1, 0], ["", ["C74", "okay"], 1, 0], ["", ["C74", "thanks"], 1, 0], ["", ["C74", "for"], 1, 0]], "asking": [["", ["asking", "C74"], 2, 0], ["", ["asking", "C117"], 2, 0]], "C76": [["", ["C76", "pubs"], 2, 0], ["", ["C76", "you"], 1, 0], ["", ["C76", "do"], 1, 0], ["", ["C76", "like"], 1, 0]], "pubs": [["", ["pubs", "C76"], 2, 0]], "C78": [["", ["C78", "station"], 2, 0], ["", ["C78", "where"], 2, 0], ["", ["C78", "i"], 1, 0], ["", ["C78", "find"], 1, 0], ["", ["C78", "nearest"], 1, 0], ["", ["C78", "train"], 1, 0]], "find": [["", ["find", "C78"], 2, 0]], "nearest": [["", ["nearest", "C78"], 2, 0]], "train": [["", ["train", "C78"], 2, 0]], "station": [["", ["station", "C78"], 2, 0]], "we": [["", ["we", "C83"], 2, 0]], "C83": [["", ["C83", "having"], 2, 0], ["", ["C83", "are"], 2, 0], ["", ["C83", "we"], 1, 0], ["", ["C83", "nice"], 1, 0], ["", ["C83", "weather"], 1, 0]], "weather": [["", ["weather", "C83"], 2, 0]], "having": [["", ["having", "C83"], 2, 0]], "whats": [["", ["whats", "C87"], 2, 0], ["", ["whats", "C110"], 2, 0]], "C87": [["", ["C87", "up"], 2, 0], ["", ["C87", "whats"], 1, 0]], "up": [["", ["up", "C87"], 2, 0]], "hey": [["", ["hey", "C90"], 2, 0]], "C90": [["", ["C90", "hey"], 2, 0]], "pot": [["", ["pot", "C92"], 2, 0]], "C92": [["", ["C92", "red"], 2, 0], ["", ["C92", "pot"], 1, 0]], "red": [["", ["red", "C92"], 2, 0]], "C95": [["", ["C95", "i"], 2, 0], ["", ["C95", "where"], 2, 0], ["", ["C95", "am"], 2, 0]], "cat": [["", ["cat", "C96"], 2, 0]], "C96": [["", ["C96", "green"], 2, 0], ["", ["C96", "cat"], 1, 0]], "green": [["", ["green", "C96"], 2, 0]], "C99": [["", ["C99", "know"], 2, 0], ["", ["C99", "do"], 2, 0], ["", ["C99", "i"], 1, 0]], "know": [["", ["know", "C99"], 2, 0]], "im": [["", ["im", "C101"], 2, 0]], "C101": [["", ["C101", "great"], 2, 0], ["", ["C101", "im"], 1, 0]], "great": [["", ["great", "C101"], 2, 0]], "C104": [["", ["C104", "live"], 2, 0], ["", ["C104", "where"], 2, 0], ["", ["C104", "do"], 2, 0], ["", ["C104", "you"], 1, 0], ["", ["C104", "abouts"], 1, 0]], "abouts": [["", ["abouts", "C104"], 2, 0]], "live": [["", ["live", "C104"], 2, 0]], "not": [["", ["not", "C107"], 2, 0], ["", ["not", "C190"], 2, 0]], "C107": [["", ["C107", "bad"], 2, 0], ["", ["C107", "not"], 1, 0]], "bad": [["", ["bad", "C107"], 2, 0]], "C110": [["", ["C110", "wrong"], 2, 0], ["", ["C110", "you"], 1, 0], ["", ["C110", "whats"], 1, 0], ["", ["C110", "with"], 1, 0]], "with": [["", ["with", "C110"], 2, 0]], "wrong": [["", ["wrong", "C110"], 2, 0]], "nowhere": [["", ["nowhere", "C113"], 2, 0]], "C113": [["", ["C113", "nowhere"], 2, 0]], "sad": [["", ["sad", "C115"], 2, 0], ["", ["sad", "C177"], 2, 0]], "C115": [["", ["C115", "sad"], 2, 0]], "C117": [["", ["C117", "why"], 2, 0], ["", ["C117", "do"], 2, 0], ["", ["C117", "you"], 1, 0], ["", ["C117", "me"], 1, 0], ["", ["C117", "keep"], 1, 0], ["", ["C117", "asking"], 1, 0]], "me": [["", ["me", "C117"], 2, 0], ["", ["me", "C142"], 5, 0]], "keep": [["", ["keep", "C117"], 2, 0]], "why": [["", ["why", "C117"], 2, 0], ["", ["why", "C177"], 2, 0]], "many": [["", ["many", "C121"], 2, 0]], "C121": [["", ["C121", "today"], 2, 0], ["", ["C121", "are"], 2, 0], ["", ["C121", "many"], 1, 0], ["", ["C121", "birds"], 1, 0]], "birds": [["", ["birds", "C121"], 2, 0]], "today": [["", ["today", "C121"], 2, 0]], "going": [["", ["going", "C125"], 2, 0]], "C125": [["", ["C125", "on"], 2, 0], ["", ["C125", "what"], 2, 0], ["", ["C125", "going"], 1, 0]], "on": [["", ["on", "C125"], 2, 0]], "brighton": [["", ["brighton", "C128"], 2, 0]], "C128": [["", ["C128", "brighton"], 2, 0]], "C130": [["", ["C130", "lunch"], 2, 0], ["", ["C130", "i"], 1, 0]], "lunch": [["", ["lunch", "C130"], 2, 0], ["", ["lunch", "C137"], 2, 0]], "C132": [["", ["C132", "talking"], 2, 0], ["", ["C132", "you"], 1, 0], ["", ["C132", "i"], 1, 0], ["", ["C132", "chocolate"], 1, 0], ["", ["C132", "before"], 1, 0]], "chocolate": [["", ["chocolate", "C132"], 2, 0]], "before": [["", ["before", "C132"], 2, 0]], "talking": [["", ["talking", "C132"], 2, 0]], "C136": [["", ["C136", "are"], 2, 0], ["", ["C136", "what"], 2, 0]], "C137": [["", ["C137", "have"], 2, 0], ["", ["C137", "you"], 1, 0], ["", ["C137", "for"], 1, 0], ["", ["C137", "lunch"], 1, 0], ["", ["C137", "what"], 1, 0]], "have": [["", ["have", "C137"], 2, 0]], "a": [["", ["a", "C139"], 2, 0]], "C139": [["", ["C139", "sandwich"], 2, 0], ["", ["C139", "a"], 1, 0]], "sandwich": [["", ["sandwich", "C139"], 2, 0], ["", ["sandwich", "C144"], 2, 0]], "C142": [["", ["C142", "too"], 2, 0], ["", ["C142", "me"], 3, 0]], "too": [["", ["too", "C142"], 2, 0]], "C144": [["", ["C144", "bread"], 2, 0], ["", ["C144", "sandwich"], 1, 0], ["", ["C144", "food"], 1, 0], ["", ["C144", "between"], 1, 0]], "food": [["", ["food", "C144"], 2, 0]], "between": [["", ["between", "C144"], 2, 0]], "bread": [["", ["bread", "C144"], 2, 0]], "C148": [["", ["C148", "glad"], 2, 0], ["", ["C148", "am"], 2, 0], ["", ["C148", "are"], 2, 0], ["", ["C148", "you"], 1, 0], ["", ["C148", "i"], 1, 0]], "glad": [["", ["glad", "C148"], 2, 0]], "lot": [["", ["lot", "C150"], 2, 0]], "C150": [["", ["C150", "things"], 2, 0], ["", ["C150", "lot"], 1, 0], ["", ["C150", "of"], 1, 0]], "of": [["", ["of", "C150"], 2, 0]], "things": [["", ["things", "C150"], 2, 0]], "yes": [["", ["yes", "C154"], 2, 0]], "C154": [["", ["C154", "yes"], 2, 0]], "portslade": [["", ["portslade", "C156"], 2, 0]], "C156": [["", ["C156", "portslade"], 2, 0]], "john": [["", ["john", "C158"], 2, 0]], "C158": [["", ["C158", "john"], 2, 0]], "slightly": [["", ["slightly", "C160"], 2, 0]], "C160": [["", ["C160", "irrelevent"], 2, 0], ["", ["C160", "slightly"], 1, 0]], "irrelevent": [["", ["irrelevent", "C160"], 2, 0]], "C163": [["", ["C163", "about"], 2, 0], ["", ["C163", "am"], 2, 0], ["", ["C163", "how"], 2, 0], ["", ["C163", "you"], 1, 0], ["", ["C163", "i"], 1, 0], ["", ["C163", "from"], 1, 0], ["", ["C163", "Brighton"], 1, 0]], "Brighton": [["", ["Brighton", "C163"], 2, 0]], "about": [["", ["about", "C163"], 2, 0]], "...": [["", ["...", "C166"], 2, 0]], "C166": [["", ["C166", "..."], 2, 0]], "in": [["", ["in", "C168"], 2, 0], ["", ["in", "C188"], 2, 0]], "C168": [["", ["C168", "trees"], 2, 0], ["", ["C168", "in"], 1, 0]], "trees": [["", ["trees", "C168"], 2, 0]], "howdy": [["", ["howdy", "C171"], 2, 0]], "C171": [["", ["C171", "howdy"], 2, 0]], "coolio": [["", ["coolio", "C173"], 2, 0]], "C173": [["", ["C173", "coolio"], 2, 0]], "C175": [["", ["C175", "see"], 2, 0], ["", ["C175", "i"], 1, 0]], "see": [["", ["see", "C175"], 2, 0]], "C177": [["", ["C177", "you"], 2, 0], ["", ["C177", "sad"], 2, 0], ["", ["C177", "why"], 2, 0], ["", ["C177", "are"], 2, 0]], "hodwy": [["", ["hodwy", "C178"], 2, 0]], "C178": [["", ["C178", "partner"], 2, 0], ["", ["C178", "hodwy"], 1, 0]], "partner": [["", ["partner", "C178"], 2, 0]], "good": [["", ["good", "C181"], 2, 0]], "C181": [["", ["C181", "good"], 2, 0]], "fantastic": [["", ["fantastic", "C183"], 2, 0]], "C183": [["", ["C183", "fantastic"], 2, 0]], "iam": [["", ["iam", "C185"], 2, 0]], "C185": [["", ["C185", "U"], 2, 0], ["", ["C185", "iam"], 1, 0], ["", ["C185", "from"], 1, 0]], "U": [["", ["U", "C185"], 2, 0]], "C188": [["", ["C188", "development"], 2, 0], ["", ["C188", "in"], 2, 0], ["", ["C188", "i"], 1, 0]], "development": [["", ["development", "C188"], 2, 0]], "did": [["", ["did", "C190"], 2, 0]], "C190": [["", ["C190", "ask"], 2, 0], ["", ["C190", "did"], 1, 0], ["", ["C190", "not"], 1, 0]], "ask": [["", ["ask", "C190"], 2, 0]], "greetings": [["", ["greetings", "C193"], 2, 0]], "C193": [["", ["C193", "greetings"], 2, 0]], "okeydokey": [["", ["okeydokey", "C195"], 2, 0]], "C195": [["", ["C195", "okeydokey"], 2, 0]], "C197": [["", ["C197", "remember"], 2, 0], ["", ["C197", "dont"], 2, 0], ["", ["C197", "i"], 1, 0]], "remember": [["", ["remember", "C197"], 2, 0]], "sup": [["", ["sup", "C199"], 2, 0]], "C199": [["", ["C199", "sup"], 2, 0]]}